{
  "meta": {
    "version": "2.0",
    "source": "Laoli_AI",
    "type": "Body",
    "root_correction": [
      0.0,
      0.0,
      0.9810628176505648,
      0.1936898237480085
    ]
  },
  "body": {
    "Hips": {
      "q": [
        0.9573370615860303,
        0.08847443068394842,
        -0.2681246035054945,
        0.061540414558222324
      ]
    },
    "LeftUpLeg": {
      "q": [
        -0.1555675630945597,
        -0.0065116748762700455,
        0.05912807913418988,
        0.9860325560857648
      ]
    },
    "RightUpLeg": {
      "q": [
        -0.25099547962180185,
        0.07653775588719382,
        -0.04623993058816436,
        0.9638491116105132
      ]
    },
    "Spine": {
      "q": [
        0.2041978154727708,
        -0.022027929745956354,
        -0.00783418972386275,
        0.9786504217230103
      ]
    },
    "LeftLeg": {
      "q": [
        0.3830482558094553,
        -0.07608649267846977,
        -0.026630777264729295,
        0.9202041518356128
      ]
    },
    "RightLeg": {
      "q": [
        0.20814651166029516,
        0.08451747085784957,
        -0.019484904388587458,
        0.9742444073765119
      ]
    },
    "Spine1": {
      "q": [
        0.046127746894203736,
        -0.01630780030497013,
        0.0492366627238457,
        0.997588110223601
      ]
    },
    "LeftFoot": {
      "q": [
        -0.07496392188814567,
        0.06706109656671701,
        -0.04061654348379186,
        0.9940993492291637
      ]
    },
    "RightFoot": {
      "q": [
        0.05760109647477452,
        -0.06501085597694471,
        0.11192015562765226,
        0.9899139260836423
      ]
    },
    "Spine2": {
      "q": [
        0.0867539521568006,
        -0.01857917345428981,
        0.02909172413351315,
        0.9956315772844243
      ]
    },
    "LeftToeBase": {
      "q": [
        -0.11264236206946958,
        0.04147647125282939,
        0.10356123702487655,
        0.9873532654454034
      ]
    },
    "RightToeBase": {
      "q": [
        -0.122978662605596,
        -0.029923428911562747,
        -0.1693481179817537,
        0.9773955452537891
      ]
    },
    "Neck": {
      "q": [
        0.08378738194008174,
        -0.08209471704573733,
        0.06943890928407127,
        0.9906656196407775
      ]
    },
    "LeftShoulder": {
      "q": [
        0.03156714614472477,
        -0.006223928214326385,
        -0.15103345928972778,
        0.9880048948142103
      ]
    },
    "RightShoulder": {
      "q": [
        0.024497306061398206,
        -0.03127399263853938,
        0.23637791140885803,
        0.9708487536059183
      ]
    },
    "Head": {
      "q": [
        0.17641945292564973,
        -0.09883201713390262,
        0.06515386195193922,
        0.9771711125956426
      ]
    },
    "LeftArm": {
      "q": [
        0.11782005989724297,
        -0.15156655291682977,
        -0.39355342912287133,
        0.8990337657442844
      ]
    },
    "RightArm": {
      "q": [
        0.14648467482476385,
        0.09921291551599408,
        0.4974748951489922,
        0.8492454098391105
      ]
    },
    "LeftForeArm": {
      "q": [
        0.13652892972922548,
        -0.6649251372877071,
        0.10295332550081372,
        0.7270729165071682
      ]
    },
    "RightForeArm": {
      "q": [
        0.12071244690107952,
        0.6580745336658886,
        -0.15957174607159008,
        0.725881030995604
      ]
    },
    "LeftHand": {
      "q": [
        0.011379296060662365,
        -0.04912806935157636,
        0.12054984781095728,
        0.9914255789597652
      ]
    },
    "RightHand": {
      "q": [
        -0.03415342468068388,
        0.038250298987127326,
        -0.11210974612013135,
        0.9923718370826814
      ]
    },
    "RightHandIndex1": {
      "q": [
        0.1241590924239166,
        -0.2322015365226207,
        0.3575087093488518,
        0.8960214779483366
      ]
    },
    "RightHandIndex2": {
      "q": [
        0.19558883237147043,
        0.19210561767081202,
        0.7270949631892851,
        0.6294230332738489
      ]
    },
    "RightHandIndex3": {
      "q": [
        0.013333717636220134,
        0.12588852710925513,
        0.3831397224344643,
        0.91497444981218
      ]
    },
    "RightHandMiddle1": {
      "q": [
        -0.050289252524504634,
        -0.04411919723498234,
        0.47765695991370344,
        0.8759956142366616
      ]
    },
    "RightHandMiddle2": {
      "q": [
        -0.13253957969211413,
        -0.11063165726663694,
        0.7047505924615636,
        0.6881282574132167
      ]
    },
    "RightHandMiddle3": {
      "q": [
        -0.03768059805195494,
        -0.08696057935703627,
        0.32398082526743954,
        0.9413046557981981
      ]
    },
    "RightHandPinky1": {
      "q": [
        -0.09550061811659945,
        0.2010367753119408,
        0.19575799845675107,
        0.9550615964175977
      ]
    },
    "RightHandPinky2": {
      "q": [
        -0.3490175034941325,
        0.16139746901038796,
        0.4667699781666263,
        0.7964065712524547
      ]
    },
    "RightHandPinky3": {
      "q": [
        -0.21631012280692563,
        0.1130990362784955,
        0.29659922359491675,
        0.9232808019920163
      ]
    },
    "RightHandRing1": {
      "q": [
        -0.012982014354636789,
        0.12884631834896232,
        0.3869582642669943,
        0.9129585944974113
      ]
    },
    "RightHandRing2": {
      "q": [
        -0.32719511073198615,
        0.02792973871536149,
        0.6343824593299386,
        0.6998015322238683
      ]
    },
    "RightHandRing3": {
      "q": [
        -0.1478845315993322,
        -0.1613786613383687,
        0.2920314754246489,
        0.9310234746447509
      ]
    },
    "RightHandThumb1": {
      "q": [
        0.4610180159920323,
        -0.15593832403454386,
        -0.0662008370238698,
        0.8710700759441843
      ]
    },
    "RightHandThumb2": {
      "q": [
        -0.23556297714663427,
        -0.13528690185068504,
        0.20710929533779798,
        0.9398474758013335
      ]
    },
    "RightHandThumb3": {
      "q": [
        0.07330622060925449,
        -0.29276711989549475,
        0.010061723122085366,
        0.9533165126315073
      ]
    },
    "LeftHandIndex1": {
      "q": [
        0.022501557043760903,
        -0.19537316408460784,
        0.4192113483917897,
        0.8863322469964143
      ]
    },
    "LeftHandIndex2": {
      "q": [
        0.16745840853808963,
        0.05281838346483126,
        0.3942486487204839,
        0.9020731138661239
      ]
    },
    "LeftHandIndex3": {
      "q": [
        -0.04322677626598705,
        0.010639457356004491,
        0.22187406464426723,
        0.9740585953622357
      ]
    },
    "LeftHandMiddle1": {
      "q": [
        -0.09656172604192635,
        -0.09544179342824559,
        0.6580162249121279,
        0.7406627740634708
      ]
    },
    "LeftHandMiddle2": {
      "q": [
        -0.15388270891350972,
        -0.06957533257437064,
        0.2543373980792707,
        0.9522562013097485
      ]
    },
    "LeftHandMiddle3": {
      "q": [
        -0.0055100204543888365,
        0.05004100412870271,
        0.2500908892345705,
        0.9669126561909536
      ]
    },
    "LeftHandPinky1": {
      "q": [
        -0.2872100514173048,
        0.35482925394785747,
        0.4695873770349656,
        0.7557078021544418
      ]
    },
    "LeftHandPinky2": {
      "q": [
        -0.3092926490382156,
        -0.017493907067645104,
        0.2967616199697235,
        0.9033075674317012
      ]
    },