{"meta": {"source": "Laoli_Native", "version": "2.0", "type": "Hands", "side": "Right"}, "body": {"mixamorigRightHand": {"q": [-0.0012654641157680353, 0.11407431248556071, 0.007217142413301395, 0.9934451986329715]}, "mixamorigRightHandThumb1": {"q": [0.3624349865549812, -0.2697824284509911, -0.30723036958417854, -0.8375367584919157]}, "mixamorigRightHandThumb2": {"q": [0.26157574795001404, -0.14260802150844748, -0.6206063792224475, 0.7253197931631541]}, "mixamorigRightHandThumb3": {"q": [-0.3287496655904888, -0.00039458079872379344, -0.02208642377263698, 0.9441587215956175]}, "mixamorigRightHandThumb4": {"q": [0.0009706116368906133, -0.02421488419401022, 0.04907596841713455, 0.9985009998094352]}, "mixamorigRightHandIndex1": {"q": [-0.7300312539427444, 0.00035923042181536523, 0.0003362025186356475, 0.6834135835554886]}, "mixamorigRightHandIndex2": {"q": [-0.7441506765694879, -0.0005707585308963525, -0.0005122984643492208, 0.6680113639348934]}, "mixamorigRightHandIndex3": {"q": [-0.5664780024259134, 0.00014966649436524306, 0.00021764575085193765, 0.8240768186266463]}, "mixamorigRightHandIndex4": {"q": [6.29247318526354e-10, -1.5557796658503961e-10, -8.714596300356697e-05, 0.9999999962027906]}, "mixamorigRightHandMiddle1": {"q": [-0.7666812243146764, 0.001153947602515615, 0.0009662776773086459, 0.642026194945136]}, "mixamorigRightHandMiddle2": {"q": [-0.5550882431649922, -0.001415429184956255, -0.0021210095434877514, 0.8317875571194494]}, "mixamorigRightHandMiddle3": {"q": [-0.7071449365100599, 0.0006830196831767147, 0.0006829641353869702, 0.7070679640687204]}, "mixamorigRightHandMiddle4": {"q": [1.1916540922300516e-09, -2.8809715325424556e-10, -0.00016637601717604998, 0.9999999861595104]}, "mixamorigRightHandRing1": {"q": [-0.6793116238896791, -0.00031845286050634407, -0.00034402668663288867, 0.733849778825191]}, "mixamorigRightHandRing2": {"q": [-0.660326422404381, 0.00043893595788702615, 0.0004991530268224652, 0.7509784111784517]}, "mixamorigRightHandRing3": {"q": [-0.6646647105318937, 0.00022480424722373172, 0.0002527466893021799, 0.7471416921546511]}, "mixamorigRightHandRing4": {"q": [-5.687524996255161e-09, -4.501345866649975e-09, 0.0007991837749270274, 0.999999680652596]}, "mixamorigRightHandPinky1": {"q": [-0.6001743573591718, -0.0009369348587695294, -0.0012487411583941295, 0.7998676787863696]}, "mixamorigRightHandPinky2": {"q": [-0.7213202783857984, -0.0018314405194268112, -0.0017585270953692923, 0.6925970036013099]}, "mixamorigRightHandPinky3": {"q": [-0.5894731172191296, 0.000878170397182439, 0.0012033543453367948, 0.807786620854193]}, "mixamorigRightHandPinky4": {"q": [-2.8174017619289815e-06, -7.769251346745939e-10, 4.1208339063223234e-05, 0.9999999991469675]}}, "hands": {}}