{
    "mixamorigHips": {
        "r": [
            1.3863169101568973e-07,
            0,
            0
        ],
        "p": [
            0,
            103.99147033691406,
            2.076093912124634
        ]
    },
    "mixamorigSpine": {
        "r": [
            7.352809916483238e-09,
            0,
            0
        ]
    },
    "mixamorigSpine1": {
        "r": [
            -1.2953194072906628e-08,
            0,
            0
        ]
    },
    "mixamorigSpine2": {
        "r": [
            0.16,
            0.96,
            -0.04
        ]
    },
    "mixamorigNeck": {
        "r": [
            -2.4417175836788377e-08,
            0,
            0
        ]
    },
    "mixamorigHead": {
        "r": [
            1.7283635855847024e-08,
            0,
            0
        ]
    },
    "mixamorigLeftEye": {
        "r": [
            6.913451500167873e-08,
            0,
            0
        ]
    },
    "mixamorigRightEye": {
        "r": [
            6.913451500167873e-08,
            0,
            0
        ]
    },
    "mixamorigLeftShoulder": {
        "r": [
            -2.199897153332131e-08,
            0,
            0
        ]
    },
    "mixamorigLeftArm": {
        "r": [
            2.5690265914590785e-08,
            0,
            0
        ]
    },
    "mixamorigLeftForeArm": {
        "r": [
            -5.2003343853357364e-09,
            0,
            0
        ]
    },
    "mixamorigLeftHand": {
        "r": [
            5.53930590285745e-09,
            0,
            0
        ]
    },
    "mixamorigLeftHandThumb1": {
        "r": [
            1.4210854715202004e-14,
            0,
            0
        ]
    },
    "mixamorigLeftHandThumb2": {
        "r": [
            -3.481100918634184e-08,
            0,
            0
        ]
    },
    "mixamorigLeftHandThumb3": {
        "r": [
            4.724227053998222e-08,
            0,
            0
        ]
    },
    "mixamorigLeftHandThumb4": {
        "r": [
            1.4210854715202004e-14,
            0,
            0
        ]
    },
    "mixamorigLeftHandIndex1": {
        "r": [
            1.4210854715202004e-14,
            0,
            0
        ]
    },
    "mixamorigLeftHandIndex2": {
        "r": [
            -8.469456247439666e-09,
            0,
            0
        ]
    },
    "mixamorigLeftHandIndex3": {
        "r": [
            3.3895169337938575e-08,
            0,
            0
        ]
    },
    "mixamorigLeftHandIndex4": {
        "r": [
            1.4210854715202004e-14,
            0,
            0
        ]
    },
    "mixamorigLeftHandMiddle1": {
        "r": [
            -4.492473948403132e-08,
            0,
            0
        ]
    },
    "mixamorigLeftHandMiddle2": {
        "r": [
            3.265199310931167e-08,
            0,
            0
        ]
    },
    "mixamorigLeftHandMiddle3": {
        "r": [
            6.6721952407533536e-09,
            0,
            0
        ]
    },
    "mixamorigLeftHandMiddle4": {
        "r": [
            3.268496584496461e-13,
            0,
            0
        ]
    },
    "mixamorigLeftHandRing1": {
        "r": [
            -3.779594237585116e-08,
            0,
            0
        ]
    },
    "mixamorigLeftHandRing2": {
        "r": [
            2.625264627909019e-08,
            0,
            0
        ]
    },
    "mixamorigLeftHandRing3": {
        "r": [
            1.7794008044802467e-08,
            0,
            0
        ]
    },
    "mixamorigLeftHandRing4": {
        "r": [
            -4.263256414560601e-14,
            0,
            0
        ]
    },
    "mixamorigLeftHandPinky1": {
        "r": [
            1.324534224522726e-07,
            0,
            0
        ]
    },
    "mixamorigLeftHandPinky2": {
        "r": [
            1.447629642825637e-07,
            0,
            0
        ]
    },
    "mixamorigLeftHandPinky3": {
        "r": [
            3.1629696195523145e-08,
            0,
            0
        ]
    },
    "mixamorigLeftHandPinky4": {
        "r": [
            4.263256414560601e-14,
            0,
            0
        ]
    },
    "mixamorigRightShoulder": {
        "r": [
            -2.1998008747914355e-08,
            0,
            0
        ]
    },
    "mixamorigRightArm": {
        "r": [
            2.5690262361877106e-08,
            0,
            0
        ]
    },
    "mixamorigRightForeArm": {
        "r": [
            -5.2013291451658006e-09,
            0,
            0
        ]
    },
    "mixamorigRightHand": {
        "r": [
            5.562597493735666e-09,
            0,
            0
        ]
    },
    "mixamorigRightHandPinky1": {
        "r": [
            1.3245343666312732e-07,
            0,
            0
        ]
    },
    "mixamorigRightHandPinky2": {
        "r": [
            1.4473887688382142e-07,
            0,
            0
        ]
    },
    "mixamorigRightHandPinky3": {
        "r": [
            3.162992356919859e-08,
            0,
            0
        ]
    },
    "mixamorigRightHandPinky4": {
        "r": [
            5.542233338928781e-13,
            0,
            0
        ]
    },
    "mixamorigRightHandRing1": {
        "r": [
            -3.779594237585116e-08,
            0,
            0
        ]
    },
    "mixamorigRightHandRing2": {
        "r": [
            2.6228963889707305e-08,
            0,
            0
        ]
    },
    "mixamorigRightHandRing3": {
        "r": [
            1.7795208862025902e-08,
            0,
            0
        ]
    },
    "mixamorigRightHandRing4": {
        "r": [
            -7.531752999057062e-13,
            0,
            0
        ]
    },
    "mixamorigRightHandMiddle1": {
        "r": [
            -4.494810568189679e-08,
            0,
            0
        ]
    },
    "mixamorigRightHandMiddle2": {
        "r": [
            3.2651996662025347e-08,
            0,
            0
        ]
    },
    "mixamorigRightHandMiddle3": {
        "r": [
            6.672635777249525e-09,
            0,
            0
        ]
    },
    "mixamorigRightHandMiddle4": {
        "r": [
            0,
            0,
            0
        ]
    },
    "mixamorigRightHandIndex1": {
        "r": [
            1.4210854715202004e-14,
            0,
            0
        ]
    },
    "mixamorigRightHandIndex2": {
        "r": [
            -8.493444170198927e-09,
            0,
            0
        ]
    },
    "mixamorigRightHandIndex3": {
        "r": [
            3.3895169337938575e-08,
            0,
            0
        ]
    },
    "mixamorigRightHandIndex4": {
        "r": [
            7.673861546209082e-13,
            0,
            0
        ]
    },
    "mixamorigRightHandThumb1": {
        "r": [
            1.4210854715202004e-14,
            0,
            0
        ]
    },
    "mixamorigRightHandThumb2": {
        "r": [
            1.4210854715202004e-14,
            0,
            0
        ]
    },
    "mixamorigRightHandThumb3": {
        "r": [
            -4.724224211827279e-08,
            0,
            0
        ]
    },
    "mixamorigRightHandThumb4": {
        "r": [
            4.7242259881841184e-08,
            0,
            0
        ]
    },
    "mixamorigLeftUpLeg": {
        "r": [
            5.373259170937672e-09,
            0,
            0
        ]
    },
    "mixamorigLeftLeg": {
        "r": [
            -2.0078942952750367e-09,
            0,
            0
        ]
    },